S.No,Restaurant Name,City,Locality,Category,WhatsApp / Phone Number,Google Maps URL,Live Demo Scanner URL,Print Standee URL,Signature Dishes,Pre-loaded Highlight Chips,Address,Personalized WhatsApp Message
1,Third Wave Coffee,Bangalore,Koramangala 4th Block,Specialty Coffee Roastery,+91 73376 84222,https://maps.google.com/?q=Third+Wave+Coffee+80+Feet+Road+Koramangala+Bengaluru,https://scanner.sayalabs.in/r/third-wave-koramangala,https://scanner.sayalabs.in/admin/stores/store_thirdwave_koramangala/print,Flat White & Sourdough Toast,"Flat White, Hummus Sourdough Toast, Almond Croissant, Great Work Vibe & WiFi, Rahul (Barista)","984, 80 Feet Road, 4th Block, Koramangala, Bengaluru, Karnataka 560034","Hi Third Wave Coffee team! 👋

I noticed Third Wave Coffee is one of the most loved spots in Koramangala 4th Block for Flat White & Sourdough Toast, but over 90% of happy diners never post a Google Review because typing on a phone is tedious.

We built a 1-tap table standee for Third Wave Coffee:
1. Diner scans with phone camera -> 5-star review is already pre-written with ""Flat White & Hummus Sourdough Toast"".
2. 1-tap copies to Google Maps in 5 seconds.
3. If they rate 1-3 stars, it catches the complaint privately to your email/phone instead of going public on Google!

Here is the live demo I created for Third Wave Coffee:
👉 https://scanner.sayalabs.in/r/third-wave-koramangala

Can I send a printed 4x6"" acrylic table standee over to your manager to test this week?

Best regards,
Anurag Mishra
Sayalabs & Credo (scanner.sayalabs.in)"
2,Brik Oven,Bangalore,Church Street,Artisanal Neapolitan Pizzeria,+91 91481 00119,https://maps.google.com/?q=Brik+Oven+Church+Street+Bengaluru,https://scanner.sayalabs.in/r/brik-oven-churchstreet,https://scanner.sayalabs.in/admin/stores/store_brikoven_churchstreet/print,Truffle Mushroom Pizza & Tiramisu,"Truffle Mushroom Pizza, Crispy Garlic Bread, OG Tiramisu, Sourdough Crust, Santosh (Server)","19, Brigade Garden Building, Church Street, Shanthala Nagar, Bengaluru, Karnataka 560001","Hi Brik Oven team! 👋

I noticed Brik Oven is one of the most loved spots in Church Street for Truffle Mushroom Pizza & Tiramisu, but over 90% of happy diners never post a Google Review because typing on a phone is tedious.

We built a 1-tap table standee for Brik Oven:
1. Diner scans with phone camera -> 5-star review is already pre-written with ""Truffle Mushroom Pizza & Crispy Garlic Bread"".
2. 1-tap copies to Google Maps in 5 seconds.
3. If they rate 1-3 stars, it catches the complaint privately to your email/phone instead of going public on Google!

Here is the live demo I created for Brik Oven:
👉 https://scanner.sayalabs.in/r/brik-oven-churchstreet

Can I send a printed 4x6"" acrylic table standee over to your manager to test this week?

Best regards,
Anurag Mishra
Sayalabs & Credo (scanner.sayalabs.in)"
3,ARAKU Coffee,Bangalore,Indiranagar,Luxury Specialty Coffee,+91 79939 89888,https://maps.google.com/?q=ARAKU+Coffee+Indiranagar+Bengaluru,https://scanner.sayalabs.in/r/araku-coffee-indiranagar,https://scanner.sayalabs.in/admin/stores/store_araku_indiranagar/print,Single Origin Pour Over & Avocado Toast,"Signature Pour Over, Almond Croissant, Avocado Toast, Aesthetic Architecture, Karthik (Barista)","968, 12th Main Rd, HAL 2nd Stage, Doopanahalli, Indiranagar, Bengaluru, Karnataka 560008","Hi ARAKU Coffee team! 👋

I noticed ARAKU Coffee is one of the most loved spots in Indiranagar for Single Origin Pour Over & Avocado Toast, but over 90% of happy diners never post a Google Review because typing on a phone is tedious.

We built a 1-tap table standee for ARAKU Coffee:
1. Diner scans with phone camera -> 5-star review is already pre-written with ""Signature Pour Over & Almond Croissant"".
2. 1-tap copies to Google Maps in 5 seconds.
3. If they rate 1-3 stars, it catches the complaint privately to your email/phone instead of going public on Google!

Here is the live demo I created for ARAKU Coffee:
👉 https://scanner.sayalabs.in/r/araku-coffee-indiranagar

Can I send a printed 4x6"" acrylic table standee over to your manager to test this week?

Best regards,
Anurag Mishra
Sayalabs & Credo (scanner.sayalabs.in)"
4,Glen's Bakehouse,Bangalore,Indiranagar,Artisanal Bakery & Cafe,+91 88844 91824,https://maps.google.com/?q=Glen's+Bakehouse+100+Feet+Road+Indiranagar+Bengaluru,https://scanner.sayalabs.in/r/glens-bakehouse-indiranagar,https://scanner.sayalabs.in/admin/stores/store_glens_indiranagar/print,Mini Red Velvet Cupcakes,"Mini Red Velvet Cupcakes, Pot Roast Chicken, Lasagna, Warm Ambience, Attentive Staff","297, 100 Feet Road, 2nd Stage, Indiranagar, Bengaluru, Karnataka 560038","Hi Glen's Bakehouse team! 👋

I noticed Glen's Bakehouse is one of the most loved spots in Indiranagar for Mini Red Velvet Cupcakes, but over 90% of happy diners never post a Google Review because typing on a phone is tedious.

We built a 1-tap table standee for Glen's Bakehouse:
1. Diner scans with phone camera -> 5-star review is already pre-written with ""Mini Red Velvet Cupcakes & Pot Roast Chicken"".
2. 1-tap copies to Google Maps in 5 seconds.
3. If they rate 1-3 stars, it catches the complaint privately to your email/phone instead of going public on Google!

Here is the live demo I created for Glen's Bakehouse:
👉 https://scanner.sayalabs.in/r/glens-bakehouse-indiranagar

Can I send a printed 4x6"" acrylic table standee over to your manager to test this week?

Best regards,
Anurag Mishra
Sayalabs & Credo (scanner.sayalabs.in)"
5,Toit Brewpub,Bangalore,Indiranagar,Craft Microbrewery & Kitchen,+91 90197 13388,https://maps.google.com/?q=Toit+Brewpub+100+Feet+Road+Indiranagar+Bengaluru,https://scanner.sayalabs.in/r/toit-indiranagar,https://scanner.sayalabs.in/admin/stores/store_toit_indiranagar/print,Craft Beers & Woodfired Pizzas,"Tint-In-Wit Beer, BBQ Chicken Pizza, Baked Nachos, Vibrant Energy, Vijay (Server)","298, 100 Feet Road, Near KFC, Indiranagar II Stage, Bengaluru, Karnataka 560038","Hi Toit Brewpub team! 👋

I noticed Toit Brewpub is one of the most loved spots in Indiranagar for Craft Beers & Woodfired Pizzas, but over 90% of happy diners never post a Google Review because typing on a phone is tedious.

We built a 1-tap table standee for Toit Brewpub:
1. Diner scans with phone camera -> 5-star review is already pre-written with ""Tint-In-Wit Beer & BBQ Chicken Pizza"".
2. 1-tap copies to Google Maps in 5 seconds.
3. If they rate 1-3 stars, it catches the complaint privately to your email/phone instead of going public on Google!

Here is the live demo I created for Toit Brewpub:
👉 https://scanner.sayalabs.in/r/toit-indiranagar

Can I send a printed 4x6"" acrylic table standee over to your manager to test this week?

Best regards,
Anurag Mishra
Sayalabs & Credo (scanner.sayalabs.in)"
6,Truffles,Bangalore,Koramangala 5th Block,American Gourmet Burgers & Cafe,+91 80 4153 6565,https://maps.google.com/?q=Truffles+Koramangala+Bengaluru,https://scanner.sayalabs.in/r/truffles-koramangala,https://scanner.sayalabs.in/admin/stores/store_truffles_koramangala/print,All American Cheeseburger & Shakes,"All American Cheeseburger, Peri Peri Fries, Ferrero Rocher Shake, Quick Service, Value for Money","Ground Floor, Apex Building, 93/A, 4th B Cross Rd, 5th Block, Koramangala, Bengaluru, Karnataka 560095","Hi Truffles team! 👋

I noticed Truffles is one of the most loved spots in Koramangala 5th Block for All American Cheeseburger & Shakes, but over 90% of happy diners never post a Google Review because typing on a phone is tedious.

We built a 1-tap table standee for Truffles:
1. Diner scans with phone camera -> 5-star review is already pre-written with ""All American Cheeseburger & Peri Peri Fries"".
2. 1-tap copies to Google Maps in 5 seconds.
3. If they rate 1-3 stars, it catches the complaint privately to your email/phone instead of going public on Google!

Here is the live demo I created for Truffles:
👉 https://scanner.sayalabs.in/r/truffles-koramangala

Can I send a printed 4x6"" acrylic table standee over to your manager to test this week?

Best regards,
Anurag Mishra
Sayalabs & Credo (scanner.sayalabs.in)"
7,The Fatty Bao,Bangalore,Indiranagar,Asian Gastrobar & Rooftop,+91 91520 18881,https://maps.google.com/?q=The+Fatty+Bao+Indiranagar+Bengaluru,https://scanner.sayalabs.in/r/the-fatty-bao-indiranagar,https://scanner.sayalabs.in/admin/stores/store_fattybao_indiranagar/print,Char Siu Bao & Ramen,"Char Siu Bao, Fatty Pho Ramen, Brie Tempura, Rooftop Vibe, Roshan (Bartender)","610, 12th Main Rd, 7th Cross, HAL 2nd Stage, Indiranagar, Bengaluru, Karnataka 560008","Hi The Fatty Bao team! 👋

I noticed The Fatty Bao is one of the most loved spots in Indiranagar for Char Siu Bao & Ramen, but over 90% of happy diners never post a Google Review because typing on a phone is tedious.

We built a 1-tap table standee for The Fatty Bao:
1. Diner scans with phone camera -> 5-star review is already pre-written with ""Char Siu Bao & Fatty Pho Ramen"".
2. 1-tap copies to Google Maps in 5 seconds.
3. If they rate 1-3 stars, it catches the complaint privately to your email/phone instead of going public on Google!

Here is the live demo I created for The Fatty Bao:
👉 https://scanner.sayalabs.in/r/the-fatty-bao-indiranagar

Can I send a printed 4x6"" acrylic table standee over to your manager to test this week?

Best regards,
Anurag Mishra
Sayalabs & Credo (scanner.sayalabs.in)"
8,Matteo Coffea,Bangalore,Church Street,Boutique Italian Coffeehouse,+91 80 4333 6000,https://maps.google.com/?q=Matteo+Coffea+Church+Street+Bengaluru,https://scanner.sayalabs.in/r/matteo-coffea-churchstreet,https://scanner.sayalabs.in/admin/stores/store_matteo_churchstreet/print,Iced Mocha & Chocolate Truffle Cake,"Iced Mocha, Chocolate Truffle Cake, Classic Club Sandwich, Courtyard Seating, Polite Staff","2, Church St, Shanthala Nagar, Ashok Nagar, Bengaluru, Karnataka 560001","Hi Matteo Coffea team! 👋

I noticed Matteo Coffea is one of the most loved spots in Church Street for Iced Mocha & Chocolate Truffle Cake, but over 90% of happy diners never post a Google Review because typing on a phone is tedious.

We built a 1-tap table standee for Matteo Coffea:
1. Diner scans with phone camera -> 5-star review is already pre-written with ""Iced Mocha & Chocolate Truffle Cake"".
2. 1-tap copies to Google Maps in 5 seconds.
3. If they rate 1-3 stars, it catches the complaint privately to your email/phone instead of going public on Google!

Here is the live demo I created for Matteo Coffea:
👉 https://scanner.sayalabs.in/r/matteo-coffea-churchstreet

Can I send a printed 4x6"" acrylic table standee over to your manager to test this week?

Best regards,
Anurag Mishra
Sayalabs & Credo (scanner.sayalabs.in)"
9,Arbor Brewing Company,Bangalore,Ashok Nagar,Craft Brewery & American Kitchen,+91 80 5014 4477,https://maps.google.com/?q=Arbor+Brewing+Company+Bengaluru,https://scanner.sayalabs.in/r/arbor-brewing-company,https://scanner.sayalabs.in/admin/stores/store_arbor_ashoknagar/print,Bangalore Bliss Craft Beer,"Bangalore Bliss Hefe, Raging Elephant IPA, Artichoke Dip, Pub Ambiance, Staff Hospitality","8, 3rd Floor, Allied Grande Mall, Magrath Rd, Ashok Nagar, Bengaluru, Karnataka 560025","Hi Arbor Brewing Company team! 👋

I noticed Arbor Brewing Company is one of the most loved spots in Ashok Nagar for Bangalore Bliss Craft Beer, but over 90% of happy diners never post a Google Review because typing on a phone is tedious.

We built a 1-tap table standee for Arbor Brewing Company:
1. Diner scans with phone camera -> 5-star review is already pre-written with ""Bangalore Bliss Hefe & Raging Elephant IPA"".
2. 1-tap copies to Google Maps in 5 seconds.
3. If they rate 1-3 stars, it catches the complaint privately to your email/phone instead of going public on Google!

Here is the live demo I created for Arbor Brewing Company:
👉 https://scanner.sayalabs.in/r/arbor-brewing-company

Can I send a printed 4x6"" acrylic table standee over to your manager to test this week?

Best regards,
Anurag Mishra
Sayalabs & Credo (scanner.sayalabs.in)"
10,Paper & Pie,Bangalore,Indiranagar,Artisanal Cafe & Podcasting Hub,+91 90357 00877,https://maps.google.com/?q=Paper+and+Pie+Indiranagar+Bengaluru,https://scanner.sayalabs.in/r/paper-and-pie-indiranagar,https://scanner.sayalabs.in/admin/stores/store_paperandpie_indiranagar/print,Spanish Latte & Japanese Cheesecake,"Spanish Latte, Signature Bagels, Japanese Cheesecake, Minimalist Decor, Co-Working Friendly","842/A, 100 Feet Rd, Metro Pillar 44, Indiranagar, Bengaluru, Karnataka 560038","Hi Paper & Pie team! 👋

I noticed Paper & Pie is one of the most loved spots in Indiranagar for Spanish Latte & Japanese Cheesecake, but over 90% of happy diners never post a Google Review because typing on a phone is tedious.

We built a 1-tap table standee for Paper & Pie:
1. Diner scans with phone camera -> 5-star review is already pre-written with ""Spanish Latte & Signature Bagels"".
2. 1-tap copies to Google Maps in 5 seconds.
3. If they rate 1-3 stars, it catches the complaint privately to your email/phone instead of going public on Google!

Here is the live demo I created for Paper & Pie:
👉 https://scanner.sayalabs.in/r/paper-and-pie-indiranagar

Can I send a printed 4x6"" acrylic table standee over to your manager to test this week?

Best regards,
Anurag Mishra
Sayalabs & Credo (scanner.sayalabs.in)"
11,DYU Art Cafe,Bangalore,Koramangala 5th Block,Heritage Courtyard Art Cafe,+91 98956 74244,https://maps.google.com/?q=DYU+Art+Cafe+Koramangala+Bengaluru,https://scanner.sayalabs.in/r/dyu-art-cafe-koramangala,https://scanner.sayalabs.in/admin/stores/store_dyuart_koramangala/print,Banoffee Pie & Cold Brew,"Banoffee Pie, Tender Coconut Pudding, Cold Brew, Traditional Courtyard, Serene Vibe","23, KHB MIG Colony, 5th Block, Koramangala, Bengaluru, Karnataka 560095","Hi DYU Art Cafe team! 👋

I noticed DYU Art Cafe is one of the most loved spots in Koramangala 5th Block for Banoffee Pie & Cold Brew, but over 90% of happy diners never post a Google Review because typing on a phone is tedious.

We built a 1-tap table standee for DYU Art Cafe:
1. Diner scans with phone camera -> 5-star review is already pre-written with ""Banoffee Pie & Tender Coconut Pudding"".
2. 1-tap copies to Google Maps in 5 seconds.
3. If they rate 1-3 stars, it catches the complaint privately to your email/phone instead of going public on Google!

Here is the live demo I created for DYU Art Cafe:
👉 https://scanner.sayalabs.in/r/dyu-art-cafe-koramangala

Can I send a printed 4x6"" acrylic table standee over to your manager to test this week?

Best regards,
Anurag Mishra
Sayalabs & Credo (scanner.sayalabs.in)"
12,Maverick & Farmer Coffee,Bangalore,Ulsoor,Farm-to-Cup Artisanal Roastery,+91 81051 00411,https://maps.google.com/?q=Maverick+and+Farmer+Coffee+Ulsoor+Bengaluru,https://scanner.sayalabs.in/r/maverick-farmer-ulsoor,https://scanner.sayalabs.in/admin/stores/store_maverick_ulsoor/print,Cold Smoked Coffee & Spocado Toast,"Cold Smoked Coffee, Spocado Toast, Choco Fudge Tart, Football Field View, Dog Friendly","South United FC, Gate 6, RBANM's Ground, Gangadhar Chetty Rd, Ulsoor, Bengaluru 560042","Hi Maverick & Farmer Coffee team! 👋

I noticed Maverick & Farmer Coffee is one of the most loved spots in Ulsoor for Cold Smoked Coffee & Spocado Toast, but over 90% of happy diners never post a Google Review because typing on a phone is tedious.

We built a 1-tap table standee for Maverick & Farmer Coffee:
1. Diner scans with phone camera -> 5-star review is already pre-written with ""Cold Smoked Coffee & Spocado Toast"".
2. 1-tap copies to Google Maps in 5 seconds.
3. If they rate 1-3 stars, it catches the complaint privately to your email/phone instead of going public on Google!

Here is the live demo I created for Maverick & Farmer Coffee:
👉 https://scanner.sayalabs.in/r/maverick-farmer-ulsoor

Can I send a printed 4x6"" acrylic table standee over to your manager to test this week?

Best regards,
Anurag Mishra
Sayalabs & Credo (scanner.sayalabs.in)"
13,Smoke House Deli,Bangalore,Lavelle Road,European All-Day Bistro,+91 80 4116 2874,https://maps.google.com/?q=Smoke+House+Deli+Lavelle+Road+Bengaluru,https://scanner.sayalabs.in/r/smoke-house-deli-lavelle,https://scanner.sayalabs.in/admin/stores/store_smokehousedeli_lavelle/print,Smoked Chicken Burger & Truffle Fries,"Smoked Chicken Burger, Truffle Fries, House Lemonade, Quirky Illustrations, Attentive Hospitality","52, 53, Ground Floor, Lavelle Road, Shanthala Nagar, Ashok Nagar, Bengaluru 560001","Hi Smoke House Deli team! 👋

I noticed Smoke House Deli is one of the most loved spots in Lavelle Road for Smoked Chicken Burger & Truffle Fries, but over 90% of happy diners never post a Google Review because typing on a phone is tedious.

We built a 1-tap table standee for Smoke House Deli:
1. Diner scans with phone camera -> 5-star review is already pre-written with ""Smoked Chicken Burger & Truffle Fries"".
2. 1-tap copies to Google Maps in 5 seconds.
3. If they rate 1-3 stars, it catches the complaint privately to your email/phone instead of going public on Google!

Here is the live demo I created for Smoke House Deli:
👉 https://scanner.sayalabs.in/r/smoke-house-deli-lavelle

Can I send a printed 4x6"" acrylic table standee over to your manager to test this week?

Best regards,
Anurag Mishra
Sayalabs & Credo (scanner.sayalabs.in)"
14,Chinita Real Mexican Food,Bangalore,Indiranagar,Authentic Mexican Taqueria,+91 80 4965 2535,https://maps.google.com/?q=Chinita+Real+Mexican+Food+Indiranagar+Bengaluru,https://scanner.sayalabs.in/r/chinita-indiranagar,https://scanner.sayalabs.in/admin/stores/store_chinita_indiranagar/print,Carnitas Tacos & House Churros,"Carnitas Tacos, Tortilla Chips & Guacamole, Warm Churros, Spicy Salsa, Prompt Service","2186, 6th Cross Rd, HAL 2nd Stage, Kodihalli, Bengaluru, Karnataka 560038","Hi Chinita Real Mexican Food team! 👋

I noticed Chinita Real Mexican Food is one of the most loved spots in Indiranagar for Carnitas Tacos & House Churros, but over 90% of happy diners never post a Google Review because typing on a phone is tedious.

We built a 1-tap table standee for Chinita Real Mexican Food:
1. Diner scans with phone camera -> 5-star review is already pre-written with ""Carnitas Tacos & Tortilla Chips & Guacamole"".
2. 1-tap copies to Google Maps in 5 seconds.
3. If they rate 1-3 stars, it catches the complaint privately to your email/phone instead of going public on Google!

Here is the live demo I created for Chinita Real Mexican Food:
👉 https://scanner.sayalabs.in/r/chinita-indiranagar

Can I send a printed 4x6"" acrylic table standee over to your manager to test this week?

Best regards,
Anurag Mishra
Sayalabs & Credo (scanner.sayalabs.in)"
15,Byg Brewski Brewing Company,Bangalore,Hennur,Massive Open-Air Microbrewery,+91 80 4680 9797,https://maps.google.com/?q=Byg+Brewski+Brewing+Company+Hennur+Bengaluru,https://scanner.sayalabs.in/r/byg-brewski-hennur,https://scanner.sayalabs.in/admin/stores/store_bygbrewski_hennur/print,Craft Belgian Wit & Woodfired Bites,"Belgian Wit, Golden Calamari, Woodfired Dimsums, Grand Koi Pond, Energetic Night Vibe","Hennur Bagalur Rd, Opp. Biozeen, Byrathi, Bengaluru, Karnataka 560077","Hi Byg Brewski Brewing Company team! 👋

I noticed Byg Brewski Brewing Company is one of the most loved spots in Hennur for Craft Belgian Wit & Woodfired Bites, but over 90% of happy diners never post a Google Review because typing on a phone is tedious.

We built a 1-tap table standee for Byg Brewski Brewing Company:
1. Diner scans with phone camera -> 5-star review is already pre-written with ""Belgian Wit & Golden Calamari"".
2. 1-tap copies to Google Maps in 5 seconds.
3. If they rate 1-3 stars, it catches the complaint privately to your email/phone instead of going public on Google!

Here is the live demo I created for Byg Brewski Brewing Company:
👉 https://scanner.sayalabs.in/r/byg-brewski-hennur

Can I send a printed 4x6"" acrylic table standee over to your manager to test this week?

Best regards,
Anurag Mishra
Sayalabs & Credo (scanner.sayalabs.in)"
16,Subko Coffee Roasters,Mumbai,Bandra West,Specialty Coffee Roastery & Craft Bakehouse,+91 90828 49749,https://maps.google.com/?q=Subko+Coffee+Mary+Lodge+Bandra+West+Mumbai,https://scanner.sayalabs.in/r/subko-coffee-bandra,https://scanner.sayalabs.in/admin/stores/store_subko_bandra/print,Specialty Pour Over & Twice Baked Croissant,"Bloom Bar Pour Over, Twice Baked Croissant, Cold Brew Tonic, Ranwar Heritage Vibe, Attentive Baristas","Ground Floor, Mary Lodge, 21A, Chapel Rd, Ranwar, Bandra West, Mumbai, Maharashtra 400050","Hi Subko Coffee Roasters team! 👋

I noticed Subko Coffee Roasters is one of the most loved spots in Bandra West for Specialty Pour Over & Twice Baked Croissant, but over 90% of happy diners never post a Google Review because typing on a phone is tedious.

We built a 1-tap table standee for Subko Coffee Roasters:
1. Diner scans with phone camera -> 5-star review is already pre-written with ""Bloom Bar Pour Over & Twice Baked Croissant"".
2. 1-tap copies to Google Maps in 5 seconds.
3. If they rate 1-3 stars, it catches the complaint privately to your email/phone instead of going public on Google!

Here is the live demo I created for Subko Coffee Roasters:
👉 https://scanner.sayalabs.in/r/subko-coffee-bandra

Can I send a printed 4x6"" acrylic table standee over to your manager to test this week?

Best regards,
Anurag Mishra
Sayalabs & Credo (scanner.sayalabs.in)"
17,The Bombay Canteen,Mumbai,Lower Parel,Modern Indian Dining & Cocktails,+91 88808 02424,https://maps.google.com/?q=The+Bombay+Canteen+Kamala+Mills+Mumbai,https://scanner.sayalabs.in/r/the-bombay-canteen,https://scanner.sayalabs.in/admin/stores/store_bombaycanteen_lowerparel/print,Eggs Kejriwal & Craft Cocktails,"Canteen Eggs Kejriwal, Black Dairy Dal, Guava Tan-Tana-Tan, Warm Nostalgic Decor, Staff Hospitality","Unit-1, Process House, Kamala Mills, S.B. Road, Lower Parel, Mumbai, Maharashtra 400013","Hi The Bombay Canteen team! 👋

I noticed The Bombay Canteen is one of the most loved spots in Lower Parel for Eggs Kejriwal & Craft Cocktails, but over 90% of happy diners never post a Google Review because typing on a phone is tedious.

We built a 1-tap table standee for The Bombay Canteen:
1. Diner scans with phone camera -> 5-star review is already pre-written with ""Canteen Eggs Kejriwal & Black Dairy Dal"".
2. 1-tap copies to Google Maps in 5 seconds.
3. If they rate 1-3 stars, it catches the complaint privately to your email/phone instead of going public on Google!

Here is the live demo I created for The Bombay Canteen:
👉 https://scanner.sayalabs.in/r/the-bombay-canteen

Can I send a printed 4x6"" acrylic table standee over to your manager to test this week?

Best regards,
Anurag Mishra
Sayalabs & Credo (scanner.sayalabs.in)"
18,Bastian Ammakai,Mumbai,Bandra West / Khar,Luxury Seafood & Gourmet Brunch,+91 70450 83714,https://maps.google.com/?q=Bastian+New+Link+Road+Bandra+West+Mumbai,https://scanner.sayalabs.in/r/bastian-bandra,https://scanner.sayalabs.in/admin/stores/store_bastian_bandra/print,Lobster Mac & Cheese & Biscoff Cheesecake,"Butter Garlic Crab, Lobster Mac & Cheese, Lotus Biscoff Cheesecake, High Energy Vibe, Polite Staff","B/1, Kamal Building, New Link Road, Khar, Bandra West, Mumbai, Maharashtra 400050","Hi Bastian Ammakai team! 👋

I noticed Bastian Ammakai is one of the most loved spots in Bandra West / Khar for Lobster Mac & Cheese & Biscoff Cheesecake, but over 90% of happy diners never post a Google Review because typing on a phone is tedious.

We built a 1-tap table standee for Bastian Ammakai:
1. Diner scans with phone camera -> 5-star review is already pre-written with ""Butter Garlic Crab & Lobster Mac & Cheese"".
2. 1-tap copies to Google Maps in 5 seconds.
3. If they rate 1-3 stars, it catches the complaint privately to your email/phone instead of going public on Google!

Here is the live demo I created for Bastian Ammakai:
👉 https://scanner.sayalabs.in/r/bastian-bandra

Can I send a printed 4x6"" acrylic table standee over to your manager to test this week?

Best regards,
Anurag Mishra
Sayalabs & Credo (scanner.sayalabs.in)"
19,Veronica's,Mumbai,Bandra West,Artisanal Sandwich Deli & Bakes,+91 93729 81697,https://maps.google.com/?q=Veronica's+Bandra+West+Mumbai,https://scanner.sayalabs.in/r/veronicas-bandra,https://scanner.sayalabs.in/admin/stores/store_veronicas_bandra/print,Pastrami Reuben on Dutch Crunch,"Pastrami Reuben Sandwich, Crusty Dutch Crunch Bun, Kombucha & Brews, Vibrant Street Vibe, Quick Service","Waroda Road, Ranwar, Bandra West, Mumbai, Maharashtra 400050","Hi Veronica's team! 👋

I noticed Veronica's is one of the most loved spots in Bandra West for Pastrami Reuben on Dutch Crunch, but over 90% of happy diners never post a Google Review because typing on a phone is tedious.

We built a 1-tap table standee for Veronica's:
1. Diner scans with phone camera -> 5-star review is already pre-written with ""Pastrami Reuben Sandwich & Crusty Dutch Crunch Bun"".
2. 1-tap copies to Google Maps in 5 seconds.
3. If they rate 1-3 stars, it catches the complaint privately to your email/phone instead of going public on Google!

Here is the live demo I created for Veronica's:
👉 https://scanner.sayalabs.in/r/veronicas-bandra

Can I send a printed 4x6"" acrylic table standee over to your manager to test this week?

Best regards,
Anurag Mishra
Sayalabs & Credo (scanner.sayalabs.in)"
20,Candies @ Mac Ronells,Mumbai,"Pali Hill, Bandra",Heritage Multi-Tier Villa Cafe,+91 98204 26296,https://maps.google.com/?q=Candies+Pali+Hill+Bandra+West+Mumbai,https://scanner.sayalabs.in/r/candies-pali-hill,https://scanner.sayalabs.in/admin/stores/store_candies_bandra/print,Chicken Lasagna & Lemon Tart,"Mini Mutton Burgers, Chicken Lasagna, Lemon Tart, Multi-Tier Portuguese Villa, Quick Self-Service","5AA, Mac Ronells, Next to Learners Academy, Pali Hill, Bandra West, Mumbai 400050","Hi Candies @ Mac Ronells team! 👋

I noticed Candies @ Mac Ronells is one of the most loved spots in Pali Hill, Bandra for Chicken Lasagna & Lemon Tart, but over 90% of happy diners never post a Google Review because typing on a phone is tedious.

We built a 1-tap table standee for Candies @ Mac Ronells:
1. Diner scans with phone camera -> 5-star review is already pre-written with ""Mini Mutton Burgers & Chicken Lasagna"".
2. 1-tap copies to Google Maps in 5 seconds.
3. If they rate 1-3 stars, it catches the complaint privately to your email/phone instead of going public on Google!

Here is the live demo I created for Candies @ Mac Ronells:
👉 https://scanner.sayalabs.in/r/candies-pali-hill

Can I send a printed 4x6"" acrylic table standee over to your manager to test this week?

Best regards,
Anurag Mishra
Sayalabs & Credo (scanner.sayalabs.in)"
21,Prithvi Cafe,Mumbai,Juhu,Iconic Theatre Courtyard Cafe,+91 22 2617 4118,https://maps.google.com/?q=Prithvi+Cafe+Juhu+Mumbai,https://scanner.sayalabs.in/r/prithvi-cafe-juhu,https://scanner.sayalabs.in/admin/stores/store_prithvi_juhu/print,Irish Coffee & Cheese Garlic Toast,"Irish Shake, Sulemani Chai, Cheese Garlic Toast, Bamboo Courtyard Fairy Lights, Friendly Staff","20, Janki Kutir, Juhu Church Rd, Juhu, Mumbai, Maharashtra 400049","Hi Prithvi Cafe team! 👋

I noticed Prithvi Cafe is one of the most loved spots in Juhu for Irish Coffee & Cheese Garlic Toast, but over 90% of happy diners never post a Google Review because typing on a phone is tedious.

We built a 1-tap table standee for Prithvi Cafe:
1. Diner scans with phone camera -> 5-star review is already pre-written with ""Irish Shake & Sulemani Chai"".
2. 1-tap copies to Google Maps in 5 seconds.
3. If they rate 1-3 stars, it catches the complaint privately to your email/phone instead of going public on Google!

Here is the live demo I created for Prithvi Cafe:
👉 https://scanner.sayalabs.in/r/prithvi-cafe-juhu

Can I send a printed 4x6"" acrylic table standee over to your manager to test this week?

Best regards,
Anurag Mishra
Sayalabs & Credo (scanner.sayalabs.in)"
22,O Pedro,Mumbai,BKC,Goan Coastal Bistro & Bar,+91 22 6104 3555,https://maps.google.com/?q=O+Pedro+BKC+Mumbai,https://scanner.sayalabs.in/r/o-pedro-bkc,https://scanner.sayalabs.in/admin/stores/store_opedro_bkc/print,Choriz Poee & Pastel de Nata,"Warm Choriz Poee, Auntie Li's Crab Curry, Pastel de Nata, Lively Goan Vibe, Praveen (Server)","Unit 2, Ground Floor, Jet Airways-Godrej Building, BKC, Bandra East, Mumbai 400051","Hi O Pedro team! 👋

I noticed O Pedro is one of the most loved spots in BKC for Choriz Poee & Pastel de Nata, but over 90% of happy diners never post a Google Review because typing on a phone is tedious.

We built a 1-tap table standee for O Pedro:
1. Diner scans with phone camera -> 5-star review is already pre-written with ""Warm Choriz Poee & Auntie Li's Crab Curry"".
2. 1-tap copies to Google Maps in 5 seconds.
3. If they rate 1-3 stars, it catches the complaint privately to your email/phone instead of going public on Google!

Here is the live demo I created for O Pedro:
👉 https://scanner.sayalabs.in/r/o-pedro-bkc

Can I send a printed 4x6"" acrylic table standee over to your manager to test this week?

Best regards,
Anurag Mishra
Sayalabs & Credo (scanner.sayalabs.in)"
23,Pizza By The Bay,Mumbai,Marine Drive,Iconic Sea-Facing Pizzeria,+91 22 2285 6111,https://maps.google.com/?q=Pizza+By+The+Bay+Marine+Drive+Mumbai,https://scanner.sayalabs.in/r/pizza-by-the-bay,https://scanner.sayalabs.in/admin/stores/store_pizzabythebay_marinedrive/print,Four Cheese Pizza with Sea View,"Bombay Masala Pizza, Four Cheese Thin Crust, Sea-Facing Tables, Marine Drive Sunset, Prompt Billing","143, Soona Mahal, Marine Drive, Churchgate, Mumbai, Maharashtra 400020","Hi Pizza By The Bay team! 👋

I noticed Pizza By The Bay is one of the most loved spots in Marine Drive for Four Cheese Pizza with Sea View, but over 90% of happy diners never post a Google Review because typing on a phone is tedious.

We built a 1-tap table standee for Pizza By The Bay:
1. Diner scans with phone camera -> 5-star review is already pre-written with ""Bombay Masala Pizza & Four Cheese Thin Crust"".
2. 1-tap copies to Google Maps in 5 seconds.
3. If they rate 1-3 stars, it catches the complaint privately to your email/phone instead of going public on Google!

Here is the live demo I created for Pizza By The Bay:
👉 https://scanner.sayalabs.in/r/pizza-by-the-bay

Can I send a printed 4x6"" acrylic table standee over to your manager to test this week?

Best regards,
Anurag Mishra
Sayalabs & Credo (scanner.sayalabs.in)"
24,Jamjar Diner,Mumbai,Versova,Whimsical American Retro Diner,+91 22 2635 8880,https://maps.google.com/?q=Jamjar+Diner+Versova+Mumbai,https://scanner.sayalabs.in/r/jamjar-diner-versova,https://scanner.sayalabs.in/admin/stores/store_jamjar_versova/print,Fluffy Pancakes & Queso Poppers,"Nutella Banana Pancakes, Jalapeno Queso Poppers, Jamjar Cocktails, Cozy Rooftop Terrace, Attentive Crew","7A & B, Arram Nagar Part 2, Behind Posha Complex, Yari Rd, Versova, Andheri West, Mumbai 400061","Hi Jamjar Diner team! 👋

I noticed Jamjar Diner is one of the most loved spots in Versova for Fluffy Pancakes & Queso Poppers, but over 90% of happy diners never post a Google Review because typing on a phone is tedious.

We built a 1-tap table standee for Jamjar Diner:
1. Diner scans with phone camera -> 5-star review is already pre-written with ""Nutella Banana Pancakes & Jalapeno Queso Poppers"".
2. 1-tap copies to Google Maps in 5 seconds.
3. If they rate 1-3 stars, it catches the complaint privately to your email/phone instead of going public on Google!

Here is the live demo I created for Jamjar Diner:
👉 https://scanner.sayalabs.in/r/jamjar-diner-versova

Can I send a printed 4x6"" acrylic table standee over to your manager to test this week?

Best regards,
Anurag Mishra
Sayalabs & Credo (scanner.sayalabs.in)"
25,The Pantry,Mumbai,Kala Ghoda,Farm-Fresh Guilt-Free Bistro,+91 22 2270 0082,https://maps.google.com/?q=The+Pantry+Kala+Ghoda+Mumbai,https://scanner.sayalabs.in/r/the-pantry-kala-ghoda,https://scanner.sayalabs.in/admin/stores/store_thepantry_kalaghoda/print,Buckwheat Crepe & Flourless Cake,"Savory Buckwheat Crepe, Almond Milk Latte, Flourless Chocolate Cake, Art District Heritage, Quick Seating","Yeshwant Chambers, Military Square Lane, Kala Ghoda, Fort, Mumbai 400001","Hi The Pantry team! 👋

I noticed The Pantry is one of the most loved spots in Kala Ghoda for Buckwheat Crepe & Flourless Cake, but over 90% of happy diners never post a Google Review because typing on a phone is tedious.

We built a 1-tap table standee for The Pantry:
1. Diner scans with phone camera -> 5-star review is already pre-written with ""Savory Buckwheat Crepe & Almond Milk Latte"".
2. 1-tap copies to Google Maps in 5 seconds.
3. If they rate 1-3 stars, it catches the complaint privately to your email/phone instead of going public on Google!

Here is the live demo I created for The Pantry:
👉 https://scanner.sayalabs.in/r/the-pantry-kala-ghoda

Can I send a printed 4x6"" acrylic table standee over to your manager to test this week?

Best regards,
Anurag Mishra
Sayalabs & Credo (scanner.sayalabs.in)"
26,Cafe Mondegar,Mumbai,Colaba,Vintage Jukebox Bistro & Beer Parlour,+91 22 2202 0591,https://maps.google.com/?q=Cafe+Mondegar+Colaba+Mumbai,https://scanner.sayalabs.in/r/cafe-mondegar-colaba,https://scanner.sayalabs.in/admin/stores/store_mondegar_colaba/print,Chilli Chicken & Cold Pitchers,"Chilli Chicken Gravy, Fish and Chips, Chilled Pitcher, Mario Miranda Murals, Iconic Jukebox","5A, Metro House, Shahid Bhagat Singh Rd, Colaba, Mumbai, Maharashtra 400039","Hi Cafe Mondegar team! 👋

I noticed Cafe Mondegar is one of the most loved spots in Colaba for Chilli Chicken & Cold Pitchers, but over 90% of happy diners never post a Google Review because typing on a phone is tedious.

We built a 1-tap table standee for Cafe Mondegar:
1. Diner scans with phone camera -> 5-star review is already pre-written with ""Chilli Chicken Gravy & Fish and Chips"".
2. 1-tap copies to Google Maps in 5 seconds.
3. If they rate 1-3 stars, it catches the complaint privately to your email/phone instead of going public on Google!

Here is the live demo I created for Cafe Mondegar:
👉 https://scanner.sayalabs.in/r/cafe-mondegar-colaba

Can I send a printed 4x6"" acrylic table standee over to your manager to test this week?

Best regards,
Anurag Mishra
Sayalabs & Credo (scanner.sayalabs.in)"
27,Kala Ghoda Cafe,Mumbai,Kala Ghoda,Artisanal Coffee & Wine Bar,+91 98921 24130,https://maps.google.com/?q=Kala+Ghoda+Cafe+Fort+Mumbai,https://scanner.sayalabs.in/r/kala-ghoda-cafe,https://scanner.sayalabs.in/admin/stores/store_kalaghodacafe_fort/print,Organic Blend Espresso & Waffles,"Organic Blend Espresso, Mushroom Melt on Wholewheat, Belgian Waffles, Cozy Heritage Nook, Friendly Baristas","10, Rope Walk Ln, Kala Ghoda, Fort, Mumbai, Maharashtra 400001","Hi Kala Ghoda Cafe team! 👋

I noticed Kala Ghoda Cafe is one of the most loved spots in Kala Ghoda for Organic Blend Espresso & Waffles, but over 90% of happy diners never post a Google Review because typing on a phone is tedious.

We built a 1-tap table standee for Kala Ghoda Cafe:
1. Diner scans with phone camera -> 5-star review is already pre-written with ""Organic Blend Espresso & Mushroom Melt on Wholewheat"".
2. 1-tap copies to Google Maps in 5 seconds.
3. If they rate 1-3 stars, it catches the complaint privately to your email/phone instead of going public on Google!

Here is the live demo I created for Kala Ghoda Cafe:
👉 https://scanner.sayalabs.in/r/kala-ghoda-cafe

Can I send a printed 4x6"" acrylic table standee over to your manager to test this week?

Best regards,
Anurag Mishra
Sayalabs & Credo (scanner.sayalabs.in)"
28,The Big Chill Cafe,Delhi-NCR,Khan Market,Iconic Italian Trattoria & Cakery,+91 11 4175 7588,https://maps.google.com/?q=The+Big+Chill+Cafe+Khan+Market+New+Delhi,https://scanner.sayalabs.in/r/the-big-chill-khan-market,https://scanner.sayalabs.in/admin/stores/store_bigchill_khanmarket/print,Baked Penne & Mississippi Mud Pie,"Baked Penne Mozzarella, Penne Vodka Pasta, Mississippi Mud Pie, Belgian Chocolate Shake, Vintage Hollywood Posters","68-A, Khan Market, Rabindra Nagar, New Delhi, Delhi 110003","Hi The Big Chill Cafe team! 👋

I noticed The Big Chill Cafe is one of the most loved spots in Khan Market for Baked Penne & Mississippi Mud Pie, but over 90% of happy diners never post a Google Review because typing on a phone is tedious.

We built a 1-tap table standee for The Big Chill Cafe:
1. Diner scans with phone camera -> 5-star review is already pre-written with ""Baked Penne Mozzarella & Penne Vodka Pasta"".
2. 1-tap copies to Google Maps in 5 seconds.
3. If they rate 1-3 stars, it catches the complaint privately to your email/phone instead of going public on Google!

Here is the live demo I created for The Big Chill Cafe:
👉 https://scanner.sayalabs.in/r/the-big-chill-khan-market

Can I send a printed 4x6"" acrylic table standee over to your manager to test this week?

Best regards,
Anurag Mishra
Sayalabs & Credo (scanner.sayalabs.in)"
29,Diggin,Delhi-NCR,Chanakyapuri,Fairy-Lit European Garden Cafe,+91 11 2611 0787,https://maps.google.com/?q=Diggin+Santushti+Chanakyapuri+New+Delhi,https://scanner.sayalabs.in/r/diggin-chanakyapuri,https://scanner.sayalabs.in/admin/stores/store_diggin_chanakyapuri/print,Handmade Ravioli & Zucchini Fries,"Rosemary Grilled Chicken, Zucchini Fries, Diggin Signature Ravioli, Romantic Garden Lights, Courteous Crew","11, Santushti Shopping Complex, Lok Kalyan Marg, Chanakyapuri, New Delhi 110021","Hi Diggin team! 👋

I noticed Diggin is one of the most loved spots in Chanakyapuri for Handmade Ravioli & Zucchini Fries, but over 90% of happy diners never post a Google Review because typing on a phone is tedious.

We built a 1-tap table standee for Diggin:
1. Diner scans with phone camera -> 5-star review is already pre-written with ""Rosemary Grilled Chicken & Zucchini Fries"".
2. 1-tap copies to Google Maps in 5 seconds.
3. If they rate 1-3 stars, it catches the complaint privately to your email/phone instead of going public on Google!

Here is the live demo I created for Diggin:
👉 https://scanner.sayalabs.in/r/diggin-chanakyapuri

Can I send a printed 4x6"" acrylic table standee over to your manager to test this week?

Best regards,
Anurag Mishra
Sayalabs & Credo (scanner.sayalabs.in)"
30,Cafe Delhi Heights,Delhi-NCR,"Cyber Hub, Gurgaon",Eclectic Indian-Continental Bistro,+91 95557 54033,https://maps.google.com/?q=Cafe+Delhi+Heights+Cyber+Hub+Gurgaon,https://scanner.sayalabs.in/r/cafe-delhi-heights-cyberhub,https://scanner.sayalabs.in/admin/stores/store_cafedelhiheights_cyberhub/print,The Juicy Lucy Burger,"The Juicy Lucy Burger, Delhi Butter Chicken, Crispy Garlic Bread, Fun Cabana Seating, Quick Lunch Service","Shop No. 10, Ground Floor, DLF Cyber Hub, DLF Phase 2, Gurugram, Haryana 122002","Hi Cafe Delhi Heights team! 👋

I noticed Cafe Delhi Heights is one of the most loved spots in Cyber Hub, Gurgaon for The Juicy Lucy Burger, but over 90% of happy diners never post a Google Review because typing on a phone is tedious.

We built a 1-tap table standee for Cafe Delhi Heights:
1. Diner scans with phone camera -> 5-star review is already pre-written with ""The Juicy Lucy Burger & Delhi Butter Chicken"".
2. 1-tap copies to Google Maps in 5 seconds.
3. If they rate 1-3 stars, it catches the complaint privately to your email/phone instead of going public on Google!

Here is the live demo I created for Cafe Delhi Heights:
👉 https://scanner.sayalabs.in/r/cafe-delhi-heights-cyberhub

Can I send a printed 4x6"" acrylic table standee over to your manager to test this week?

Best regards,
Anurag Mishra
Sayalabs & Credo (scanner.sayalabs.in)"
31,Colocal Indian Artisanal Chocolates,Delhi-NCR,"The Dhan Mill, Chhatarpur",Craft Chocolate Roastery & Pond Cafe,+91 93105 24620,https://maps.google.com/?q=Colocal+The+Dhan+Mill+Chhatarpur+Delhi,https://scanner.sayalabs.in/r/colocal-dhan-mill,https://scanner.sayalabs.in/admin/stores/store_colocal_dhanmill/print,Campfire Hot Chocolate & Chocolate Tart,"Campfire Hot Chocolate, 72% Artisanal Chocolate Tart, Gourmet Pasta, Aesthetic Yellow Courtyard, Dog Friendly","The Dhan Mill Compound, 100 Feet Rd, Chhatarpur, New Delhi, Delhi 110074","Hi Colocal Indian Artisanal Chocolates team! 👋

I noticed Colocal Indian Artisanal Chocolates is one of the most loved spots in The Dhan Mill, Chhatarpur for Campfire Hot Chocolate & Chocolate Tart, but over 90% of happy diners never post a Google Review because typing on a phone is tedious.

We built a 1-tap table standee for Colocal Indian Artisanal Chocolates:
1. Diner scans with phone camera -> 5-star review is already pre-written with ""Campfire Hot Chocolate & 72% Artisanal Chocolate Tart"".
2. 1-tap copies to Google Maps in 5 seconds.
3. If they rate 1-3 stars, it catches the complaint privately to your email/phone instead of going public on Google!

Here is the live demo I created for Colocal Indian Artisanal Chocolates:
👉 https://scanner.sayalabs.in/r/colocal-dhan-mill

Can I send a printed 4x6"" acrylic table standee over to your manager to test this week?

Best regards,
Anurag Mishra
Sayalabs & Credo (scanner.sayalabs.in)"
32,Perch Wine & Coffee Bar,Delhi-NCR,Khan Market,Artisanal Wine & Specialty Coffee Bar,+91 83739 12380,https://maps.google.com/?q=Perch+Wine+and+Coffee+Bar+Khan+Market+New+Delhi,https://scanner.sayalabs.in/r/perch-khan-market,https://scanner.sayalabs.in/admin/stores/store_perch_khanmarket/print,Coffee Sangria & Avocado Tartine,"Coffee Sangria, Avocado & Tomato Tartine, Scotch Eggs, Sunlit Scandinavian Ambiance, Knowledgeable Sommelier","71, 1st & 2nd Floor, Middle Lane, Khan Market, New Delhi 110003","Hi Perch Wine & Coffee Bar team! 👋

I noticed Perch Wine & Coffee Bar is one of the most loved spots in Khan Market for Coffee Sangria & Avocado Tartine, but over 90% of happy diners never post a Google Review because typing on a phone is tedious.

We built a 1-tap table standee for Perch Wine & Coffee Bar:
1. Diner scans with phone camera -> 5-star review is already pre-written with ""Coffee Sangria & Avocado & Tomato Tartine"".
2. 1-tap copies to Google Maps in 5 seconds.
3. If they rate 1-3 stars, it catches the complaint privately to your email/phone instead of going public on Google!

Here is the live demo I created for Perch Wine & Coffee Bar:
👉 https://scanner.sayalabs.in/r/perch-khan-market

Can I send a printed 4x6"" acrylic table standee over to your manager to test this week?

Best regards,
Anurag Mishra
Sayalabs & Credo (scanner.sayalabs.in)"
33,The Grammar Room,Delhi-NCR,Mehrauli,Glasshouse Garden Brunch Cafe,+91 81302 88558,https://maps.google.com/?q=The+Grammar+Room+Mehrauli+New+Delhi,https://scanner.sayalabs.in/r/the-grammar-room-mehrauli,https://scanner.sayalabs.in/admin/stores/store_thegrammarroom_mehrauli/print,Mushroom Melt Toastie & Skillet Cookie,"Mushroom Melt Toastie, Warm Skillet Cookie, Cold Brew Tonic, Ridge Forest Views, Warm Hospitality","One Style Mile, Kalka Das Marg, Opp. Qutub Minar, Mehrauli, New Delhi 110030","Hi The Grammar Room team! 👋

I noticed The Grammar Room is one of the most loved spots in Mehrauli for Mushroom Melt Toastie & Skillet Cookie, but over 90% of happy diners never post a Google Review because typing on a phone is tedious.

We built a 1-tap table standee for The Grammar Room:
1. Diner scans with phone camera -> 5-star review is already pre-written with ""Mushroom Melt Toastie & Warm Skillet Cookie"".
2. 1-tap copies to Google Maps in 5 seconds.
3. If they rate 1-3 stars, it catches the complaint privately to your email/phone instead of going public on Google!

Here is the live demo I created for The Grammar Room:
👉 https://scanner.sayalabs.in/r/the-grammar-room-mehrauli

Can I send a printed 4x6"" acrylic table standee over to your manager to test this week?

Best regards,
Anurag Mishra
Sayalabs & Credo (scanner.sayalabs.in)"
34,Leo's Artisan Pizza,Delhi-NCR,Vasant Vihar,Woodfired Neapolitan Pizzeria,+91 98212 77236,https://maps.google.com/?q=Leo's+Artisan+Pizza+Vasant+Vihar+New+Delhi,https://scanner.sayalabs.in/r/leos-artisan-pizza,https://scanner.sayalabs.in/admin/stores/store_leospizza_vasantvihar/print,Classic Burrata Pizza & Tiramisu,"Classic Burrata Pizza, Pepperoni Pie, Tiramisu, Rustic Brick Oven, Dog-Friendly Space","28, Priya Cinema Complex, Basant Lok, Vasant Vihar, New Delhi, Delhi 110057","Hi Leo's Artisan Pizza team! 👋

I noticed Leo's Artisan Pizza is one of the most loved spots in Vasant Vihar for Classic Burrata Pizza & Tiramisu, but over 90% of happy diners never post a Google Review because typing on a phone is tedious.

We built a 1-tap table standee for Leo's Artisan Pizza:
1. Diner scans with phone camera -> 5-star review is already pre-written with ""Classic Burrata Pizza & Pepperoni Pie"".
2. 1-tap copies to Google Maps in 5 seconds.
3. If they rate 1-3 stars, it catches the complaint privately to your email/phone instead of going public on Google!

Here is the live demo I created for Leo's Artisan Pizza:
👉 https://scanner.sayalabs.in/r/leos-artisan-pizza

Can I send a printed 4x6"" acrylic table standee over to your manager to test this week?

Best regards,
Anurag Mishra
Sayalabs & Credo (scanner.sayalabs.in)"
35,AMA Cafe,Delhi-NCR,Majnu Ka Tilla,Himalayan Alpine Bakery & Cafe,+91 11 2381 2133,https://maps.google.com/?q=AMA+Cafe+Majnu+Ka+Tilla+Delhi,https://scanner.sayalabs.in/r/ama-cafe-majnu-ka-tilla,https://scanner.sayalabs.in/admin/stores/store_amacafe_majnutilla/print,Blueberry Pancakes & Mud Cake,"Fluffy Blueberry Pancakes, Mud Cake, Tibetan Salted Butter Tea, Warm Wooden Interiors, Pocket Friendly","House 6, New Camp, Majnu Ka Tilla, New Aruna Nagar, New Delhi, Delhi 110054","Hi AMA Cafe team! 👋

I noticed AMA Cafe is one of the most loved spots in Majnu Ka Tilla for Blueberry Pancakes & Mud Cake, but over 90% of happy diners never post a Google Review because typing on a phone is tedious.

We built a 1-tap table standee for AMA Cafe:
1. Diner scans with phone camera -> 5-star review is already pre-written with ""Fluffy Blueberry Pancakes & Mud Cake"".
2. 1-tap copies to Google Maps in 5 seconds.
3. If they rate 1-3 stars, it catches the complaint privately to your email/phone instead of going public on Google!

Here is the live demo I created for AMA Cafe:
👉 https://scanner.sayalabs.in/r/ama-cafe-majnu-ka-tilla

Can I send a printed 4x6"" acrylic table standee over to your manager to test this week?

Best regards,
Anurag Mishra
Sayalabs & Credo (scanner.sayalabs.in)"
36,Blue Tokai Coffee Roasters,Delhi-NCR,"Champa Gali, Saket",Craft Coffee Roastery & Cafe,+91 98211 24109,https://maps.google.com/?q=Blue+Tokai+Coffee+Champa+Gali+Saket+Delhi,https://scanner.sayalabs.in/r/blue-tokai-champa-gali,https://scanner.sayalabs.in/admin/stores/store_bluetokai_champagali/print,Iced Cortado & Chilli Cheese Toastie,"Iced Cortado, Chilli Cheese Toastie, Croissant, Quaint Fairy-Lit Lane, Passionate Baristas","Khasra 258, Lane 3, Westend Marg, Saidulajab, Champa Gali, Saket, New Delhi 110030","Hi Blue Tokai Coffee Roasters team! 👋

I noticed Blue Tokai Coffee Roasters is one of the most loved spots in Champa Gali, Saket for Iced Cortado & Chilli Cheese Toastie, but over 90% of happy diners never post a Google Review because typing on a phone is tedious.

We built a 1-tap table standee for Blue Tokai Coffee Roasters:
1. Diner scans with phone camera -> 5-star review is already pre-written with ""Iced Cortado & Chilli Cheese Toastie"".
2. 1-tap copies to Google Maps in 5 seconds.
3. If they rate 1-3 stars, it catches the complaint privately to your email/phone instead of going public on Google!

Here is the live demo I created for Blue Tokai Coffee Roasters:
👉 https://scanner.sayalabs.in/r/blue-tokai-champa-gali

Can I send a printed 4x6"" acrylic table standee over to your manager to test this week?

Best regards,
Anurag Mishra
Sayalabs & Credo (scanner.sayalabs.in)"
37,Olly - Olive's All Day Diner,Delhi-NCR,"Cyber Hub, Gurgaon",Contemporary All-Day European Diner,+91 81308 38811,https://maps.google.com/?q=Olly+Cyber+Hub+Gurgaon,https://scanner.sayalabs.in/r/olly-cyberhub,https://scanner.sayalabs.in/admin/stores/store_olly_cyberhub/print,Truffle Flatbread & Gnocchi,"Handmade Gnocchi, Truffle Flatbread, Signature Cold Brew, Sunlit Terrace, Seamless Billing","Shop 101, 1st Floor, Cyber Hub, DLF Phase 2, Gurugram, Haryana 122002","Hi Olly - Olive's All Day Diner team! 👋

I noticed Olly - Olive's All Day Diner is one of the most loved spots in Cyber Hub, Gurgaon for Truffle Flatbread & Gnocchi, but over 90% of happy diners never post a Google Review because typing on a phone is tedious.

We built a 1-tap table standee for Olly - Olive's All Day Diner:
1. Diner scans with phone camera -> 5-star review is already pre-written with ""Handmade Gnocchi & Truffle Flatbread"".
2. 1-tap copies to Google Maps in 5 seconds.
3. If they rate 1-3 stars, it catches the complaint privately to your email/phone instead of going public on Google!

Here is the live demo I created for Olly - Olive's All Day Diner:
👉 https://scanner.sayalabs.in/r/olly-cyberhub

Can I send a printed 4x6"" acrylic table standee over to your manager to test this week?

Best regards,
Anurag Mishra
Sayalabs & Credo (scanner.sayalabs.in)"
38,Roastery Coffee House,Hyderabad,Banjara Hills,Artisanal Specialty Coffee & Bungalow Garden,+91 72078 79056,https://maps.google.com/?q=Roastery+Coffee+House+Banjara+Hills+Hyderabad,https://scanner.sayalabs.in/r/roastery-coffee-banjara-hills,https://scanner.sayalabs.in/admin/stores/store_roastery_banjarahills/print,Cold Brew & Cheesy Onion Rings,"Cold Brew Cascara, Cheesy Onion Rings, Barbecue Chicken Wings, Lush Garden Seating, Polite Staff","8-2-287/12, House 418, Road 14, BNR Colony, Venkat Nagar, Banjara Hills, Hyderabad 500034","Hi Roastery Coffee House team! 👋

I noticed Roastery Coffee House is one of the most loved spots in Banjara Hills for Cold Brew & Cheesy Onion Rings, but over 90% of happy diners never post a Google Review because typing on a phone is tedious.

We built a 1-tap table standee for Roastery Coffee House:
1. Diner scans with phone camera -> 5-star review is already pre-written with ""Cold Brew Cascara & Cheesy Onion Rings"".
2. 1-tap copies to Google Maps in 5 seconds.
3. If they rate 1-3 stars, it catches the complaint privately to your email/phone instead of going public on Google!

Here is the live demo I created for Roastery Coffee House:
👉 https://scanner.sayalabs.in/r/roastery-coffee-banjara-hills

Can I send a printed 4x6"" acrylic table standee over to your manager to test this week?

Best regards,
Anurag Mishra
Sayalabs & Credo (scanner.sayalabs.in)"
39,Autumn Leaf Cafe,Hyderabad,Jubilee Hills,Courtyard Garden Cafe & Boutique,+91 40 2355 2200,https://maps.google.com/?q=Autumn+Leaf+Cafe+Jubilee+Hills+Hyderabad,https://scanner.sayalabs.in/r/autumn-leaf-jubilee-hills,https://scanner.sayalabs.in/admin/stores/store_autumnleaf_jubileehills/print,Herb Roasted Chicken & Nutella Waffles,"Herb Roasted Chicken, Nutella Waffles, Fresh Fruit Smoothies, Peaceful Greenery, Pet Friendly","Plot 823, Road 41, CBI Colony, Jubilee Hills, Hyderabad, Telangana 500033","Hi Autumn Leaf Cafe team! 👋

I noticed Autumn Leaf Cafe is one of the most loved spots in Jubilee Hills for Herb Roasted Chicken & Nutella Waffles, but over 90% of happy diners never post a Google Review because typing on a phone is tedious.

We built a 1-tap table standee for Autumn Leaf Cafe:
1. Diner scans with phone camera -> 5-star review is already pre-written with ""Herb Roasted Chicken & Nutella Waffles"".
2. 1-tap copies to Google Maps in 5 seconds.
3. If they rate 1-3 stars, it catches the complaint privately to your email/phone instead of going public on Google!

Here is the live demo I created for Autumn Leaf Cafe:
👉 https://scanner.sayalabs.in/r/autumn-leaf-jubilee-hills

Can I send a printed 4x6"" acrylic table standee over to your manager to test this week?

Best regards,
Anurag Mishra
Sayalabs & Credo (scanner.sayalabs.in)"
40,Conçū,Hyderabad,Jubilee Hills,Luxury French Pâtisserie & Cafe,+91 99858 00894,https://maps.google.com/?q=Concu+Jubilee+Hills+Hyderabad,https://scanner.sayalabs.in/r/concu-jubilee-hills,https://scanner.sayalabs.in/admin/stores/store_concu_jubileehills/print,Tiramisu Entremet & Macarons,"Tiramisu Entremet, Pistachio Raspberry Tart, Warm Croissant, Parisian Chic Decor, Prompt Service","Plot 738, Road 37, CBI Colony, Jubilee Hills, Hyderabad, Telangana 500033","Hi Conçū team! 👋

I noticed Conçū is one of the most loved spots in Jubilee Hills for Tiramisu Entremet & Macarons, but over 90% of happy diners never post a Google Review because typing on a phone is tedious.

We built a 1-tap table standee for Conçū:
1. Diner scans with phone camera -> 5-star review is already pre-written with ""Tiramisu Entremet & Pistachio Raspberry Tart"".
2. 1-tap copies to Google Maps in 5 seconds.
3. If they rate 1-3 stars, it catches the complaint privately to your email/phone instead of going public on Google!

Here is the live demo I created for Conçū:
👉 https://scanner.sayalabs.in/r/concu-jubilee-hills

Can I send a printed 4x6"" acrylic table standee over to your manager to test this week?

Best regards,
Anurag Mishra
Sayalabs & Credo (scanner.sayalabs.in)"
41,Zero40 Brewing,Hyderabad,Jubilee Hills,Craft Microbrewery & Multi-Level Lounge,+91 72888 88040,https://maps.google.com/?q=Zero40+Brewing+Jubilee+Hills+Hyderabad,https://scanner.sayalabs.in/r/zero40-brewing-hyderabad,https://scanner.sayalabs.in/admin/stores/store_zero40_jubileehills/print,Vincent Ale & Thin Crust Pizza,"Vincent Mango Ale, Retro Thin Crust Pizza, Bacon Wrapped Sausages, High Energy Vibe, Great Music","271/A, Road 10, Venkatagiri, Jubilee Hills, Hyderabad, Telangana 500033","Hi Zero40 Brewing team! 👋

I noticed Zero40 Brewing is one of the most loved spots in Jubilee Hills for Vincent Ale & Thin Crust Pizza, but over 90% of happy diners never post a Google Review because typing on a phone is tedious.

We built a 1-tap table standee for Zero40 Brewing:
1. Diner scans with phone camera -> 5-star review is already pre-written with ""Vincent Mango Ale & Retro Thin Crust Pizza"".
2. 1-tap copies to Google Maps in 5 seconds.
3. If they rate 1-3 stars, it catches the complaint privately to your email/phone instead of going public on Google!

Here is the live demo I created for Zero40 Brewing:
👉 https://scanner.sayalabs.in/r/zero40-brewing-hyderabad

Can I send a printed 4x6"" acrylic table standee over to your manager to test this week?

Best regards,
Anurag Mishra
Sayalabs & Credo (scanner.sayalabs.in)"
42,Churrolto,Hyderabad,Banjara Hills,Artisanal Churrería & European Bistro,+91 99899 92451,https://maps.google.com/?q=Churrolto+Banjara+Hills+Hyderabad,https://scanner.sayalabs.in/r/churrolto-banjara-hills,https://scanner.sayalabs.in/admin/stores/store_churrolto_banjarahills/print,Authentic Churros with Chocolate Dip,"Classic Spanish Churros, Belgian Chocolate Dip, Four Cheese Ravioli, Cozy Ambience, Fast Delivery","Road 10, Singada Kunta, Banjara Hills, Hyderabad, Telangana 500034","Hi Churrolto team! 👋

I noticed Churrolto is one of the most loved spots in Banjara Hills for Authentic Churros with Chocolate Dip, but over 90% of happy diners never post a Google Review because typing on a phone is tedious.

We built a 1-tap table standee for Churrolto:
1. Diner scans with phone camera -> 5-star review is already pre-written with ""Classic Spanish Churros & Belgian Chocolate Dip"".
2. 1-tap copies to Google Maps in 5 seconds.
3. If they rate 1-3 stars, it catches the complaint privately to your email/phone instead of going public on Google!

Here is the live demo I created for Churrolto:
👉 https://scanner.sayalabs.in/r/churrolto-banjara-hills

Can I send a printed 4x6"" acrylic table standee over to your manager to test this week?

Best regards,
Anurag Mishra
Sayalabs & Credo (scanner.sayalabs.in)"
43,Feranoz Pâtisserie & Café,Hyderabad,Banjara Hills,Boutique European Pâtisserie,+91 91000 13180,https://maps.google.com/?q=Feranoz+Patisserie+Banjara+Hills+Hyderabad,https://scanner.sayalabs.in/r/feranoz-banjara-hills,https://scanner.sayalabs.in/admin/stores/store_feranoz_banjarahills/print,San Sebastian Cheesecake,"Ferrero Rocher Choux, San Sebastian Cheesecake, Matcha Latte, Minimalist European Vibe, Courteous Staff","8-2-293/82/A/215, Road 12, Banjara Hills, Hyderabad, Telangana 500034","Hi Feranoz Pâtisserie & Café team! 👋

I noticed Feranoz Pâtisserie & Café is one of the most loved spots in Banjara Hills for San Sebastian Cheesecake, but over 90% of happy diners never post a Google Review because typing on a phone is tedious.

We built a 1-tap table standee for Feranoz Pâtisserie & Café:
1. Diner scans with phone camera -> 5-star review is already pre-written with ""Ferrero Rocher Choux & San Sebastian Cheesecake"".
2. 1-tap copies to Google Maps in 5 seconds.
3. If they rate 1-3 stars, it catches the complaint privately to your email/phone instead of going public on Google!

Here is the live demo I created for Feranoz Pâtisserie & Café:
👉 https://scanner.sayalabs.in/r/feranoz-banjara-hills

Can I send a printed 4x6"" acrylic table standee over to your manager to test this week?

Best regards,
Anurag Mishra
Sayalabs & Credo (scanner.sayalabs.in)"
44,Prost Brewpub,Hyderabad,Jubilee Hills,Industrial Steampunk Brewpub,+91 99634 37777,https://maps.google.com/?q=Prost+Brewpub+Jubilee+Hills+Hyderabad,https://scanner.sayalabs.in/r/prost-jubilee-hills,https://scanner.sayalabs.in/admin/stores/store_prost_jubileehills/print,Craft Beers & Peri Peri Pizza,"Rider Stout Beer, Woodfired Peri Peri Pizza, Crispy Calamari, Steampunk Decor, Energetic Nightlife","Plot 882, Road 45, Jubilee Hills, Hyderabad, Telangana 500033","Hi Prost Brewpub team! 👋

I noticed Prost Brewpub is one of the most loved spots in Jubilee Hills for Craft Beers & Peri Peri Pizza, but over 90% of happy diners never post a Google Review because typing on a phone is tedious.

We built a 1-tap table standee for Prost Brewpub:
1. Diner scans with phone camera -> 5-star review is already pre-written with ""Rider Stout Beer & Woodfired Peri Peri Pizza"".
2. 1-tap copies to Google Maps in 5 seconds.
3. If they rate 1-3 stars, it catches the complaint privately to your email/phone instead of going public on Google!

Here is the live demo I created for Prost Brewpub:
👉 https://scanner.sayalabs.in/r/prost-jubilee-hills

Can I send a printed 4x6"" acrylic table standee over to your manager to test this week?

Best regards,
Anurag Mishra
Sayalabs & Credo (scanner.sayalabs.in)"
45,German Bakery,Pune,Koregaon Park,Iconic Heritage European Cafe,+91 72760 70390,https://maps.google.com/?q=German+Bakery+Koregaon+Park+Pune,https://scanner.sayalabs.in/r/german-bakery-koregaon-park,https://scanner.sayalabs.in/admin/stores/store_germanbakery_koregaonpark/print,Apple Strudel & Keema Pav,"Apple Strudel, Keema Pav, Red Velvet Cake, Historic Outdoor Vibe, Friendly Hospitality","292, North Main Road, Ragvilas Society, Koregaon Park, Pune, Maharashtra 411001","Hi German Bakery team! 👋

I noticed German Bakery is one of the most loved spots in Koregaon Park for Apple Strudel & Keema Pav, but over 90% of happy diners never post a Google Review because typing on a phone is tedious.

We built a 1-tap table standee for German Bakery:
1. Diner scans with phone camera -> 5-star review is already pre-written with ""Apple Strudel & Keema Pav"".
2. 1-tap copies to Google Maps in 5 seconds.
3. If they rate 1-3 stars, it catches the complaint privately to your email/phone instead of going public on Google!

Here is the live demo I created for German Bakery:
👉 https://scanner.sayalabs.in/r/german-bakery-koregaon-park

Can I send a printed 4x6"" acrylic table standee over to your manager to test this week?

Best regards,
Anurag Mishra
Sayalabs & Credo (scanner.sayalabs.in)"
46,The Daily All Day,Pune,Koregaon Park,Chic Cocktail Bar & Modern Bistro,+91 88888 62624,https://maps.google.com/?q=The+Daily+All+Day+Koregaon+Park+Pune,https://scanner.sayalabs.in/r/the-daily-all-day-pune,https://scanner.sayalabs.in/admin/stores/store_thedaily_koregaonpark/print,Truffle Fries & Botanical Cocktails,"Truffle Fries, Four Cheese Pizza, Gypsy Queen Cocktail, Lush Open-Air Canopy, Great Music","Lane 7, Next to SBI, Koregaon Park, Pune, Maharashtra 411001","Hi The Daily All Day team! 👋

I noticed The Daily All Day is one of the most loved spots in Koregaon Park for Truffle Fries & Botanical Cocktails, but over 90% of happy diners never post a Google Review because typing on a phone is tedious.

We built a 1-tap table standee for The Daily All Day:
1. Diner scans with phone camera -> 5-star review is already pre-written with ""Truffle Fries & Four Cheese Pizza"".
2. 1-tap copies to Google Maps in 5 seconds.
3. If they rate 1-3 stars, it catches the complaint privately to your email/phone instead of going public on Google!

Here is the live demo I created for The Daily All Day:
👉 https://scanner.sayalabs.in/r/the-daily-all-day-pune

Can I send a printed 4x6"" acrylic table standee over to your manager to test this week?

Best regards,
Anurag Mishra
Sayalabs & Credo (scanner.sayalabs.in)"
47,Malaka Spice,Pune,Koregaon Park,South East Asian Garden Bistro,+91 91588 86047,https://maps.google.com/?q=Malaka+Spice+Koregaon+Park+Pune,https://scanner.sayalabs.in/r/malaka-spice-pune,https://scanner.sayalabs.in/admin/stores/store_malakaspice_koregaonpark/print,Top Hats & Malaysian Kari Kapitan,"Top Hat Cups, Malaka Tom Kha Soup, Kari Kapitan, Artistic Ambience, Courteous Staff","Lane 5, Opp. Oxford Properties, Koregaon Park, Pune, Maharashtra 411001","Hi Malaka Spice team! 👋

I noticed Malaka Spice is one of the most loved spots in Koregaon Park for Top Hats & Malaysian Kari Kapitan, but over 90% of happy diners never post a Google Review because typing on a phone is tedious.

We built a 1-tap table standee for Malaka Spice:
1. Diner scans with phone camera -> 5-star review is already pre-written with ""Top Hat Cups & Malaka Tom Kha Soup"".
2. 1-tap copies to Google Maps in 5 seconds.
3. If they rate 1-3 stars, it catches the complaint privately to your email/phone instead of going public on Google!

Here is the live demo I created for Malaka Spice:
👉 https://scanner.sayalabs.in/r/malaka-spice-pune

Can I send a printed 4x6"" acrylic table standee over to your manager to test this week?

Best regards,
Anurag Mishra
Sayalabs & Credo (scanner.sayalabs.in)"
48,Cafe Peter,Pune,"FC Road, Shivajinagar",Korean-Japanese Cafe & Bakery,+91 70585 02626,https://maps.google.com/?q=Cafe+Peter+FC+Road+Pune,https://scanner.sayalabs.in/r/cafe-peter-fc-road,https://scanner.sayalabs.in/admin/stores/store_cafepeter_fcroad/print,Korean Spicy Ramen & Fresh Donuts,"Kimchi Fried Rice, Korean Spicy Ramen, Fresh Chocolate Donut, Youthful Energy, Quick Service","1216/1, Shivajinagar, FC Road, Pune, Maharashtra 411004","Hi Cafe Peter team! 👋

I noticed Cafe Peter is one of the most loved spots in FC Road, Shivajinagar for Korean Spicy Ramen & Fresh Donuts, but over 90% of happy diners never post a Google Review because typing on a phone is tedious.

We built a 1-tap table standee for Cafe Peter:
1. Diner scans with phone camera -> 5-star review is already pre-written with ""Kimchi Fried Rice & Korean Spicy Ramen"".
2. 1-tap copies to Google Maps in 5 seconds.
3. If they rate 1-3 stars, it catches the complaint privately to your email/phone instead of going public on Google!

Here is the live demo I created for Cafe Peter:
👉 https://scanner.sayalabs.in/r/cafe-peter-fc-road

Can I send a printed 4x6"" acrylic table standee over to your manager to test this week?

Best regards,
Anurag Mishra
Sayalabs & Credo (scanner.sayalabs.in)"
49,French Window Patisserie,Pune,Koregaon Park,Quaint French Courtyard Bakery,+91 97666 44202,https://maps.google.com/?q=French+Window+Patisserie+Koregaon+Park+Pune,https://scanner.sayalabs.in/r/french-window-patisserie-pune,https://scanner.sayalabs.in/admin/stores/store_frenchwindow_koregaonpark/print,Almond Croissants & Macarons,"Warm Butter Croissant, Dark Chocolate Macarons, Chicken Quiche, Romantic Hidden Courtyard, Polite Team","Lane 5, Koregaon Park, Pune, Maharashtra 411001","Hi French Window Patisserie team! 👋

I noticed French Window Patisserie is one of the most loved spots in Koregaon Park for Almond Croissants & Macarons, but over 90% of happy diners never post a Google Review because typing on a phone is tedious.

We built a 1-tap table standee for French Window Patisserie:
1. Diner scans with phone camera -> 5-star review is already pre-written with ""Warm Butter Croissant & Dark Chocolate Macarons"".
2. 1-tap copies to Google Maps in 5 seconds.
3. If they rate 1-3 stars, it catches the complaint privately to your email/phone instead of going public on Google!

Here is the live demo I created for French Window Patisserie:
👉 https://scanner.sayalabs.in/r/french-window-patisserie-pune

Can I send a printed 4x6"" acrylic table standee over to your manager to test this week?

Best regards,
Anurag Mishra
Sayalabs & Credo (scanner.sayalabs.in)"
50,Sante Spa Cuisine,Pune,Koregaon Park,Holistic Organic Spa Dining,+91 82370 02244,https://maps.google.com/?q=Sante+Spa+Cuisine+Koregaon+Park+Pune,https://scanner.sayalabs.in/r/sante-spa-cuisine-pune,https://scanner.sayalabs.in/admin/stores/store_santespa_koregaonpark/print,Smoothie Bowls & Beetroot Hummus,"Farm Fresh Smoothie Bowl, Beetroot Hummus Platter, Raw Matcha Tart, Zen Bamboo Garden, Warm Hospitality","Lane 1, Near Osho International Meditation Resort, Koregaon Park, Pune 411001","Hi Sante Spa Cuisine team! 👋

I noticed Sante Spa Cuisine is one of the most loved spots in Koregaon Park for Smoothie Bowls & Beetroot Hummus, but over 90% of happy diners never post a Google Review because typing on a phone is tedious.

We built a 1-tap table standee for Sante Spa Cuisine:
1. Diner scans with phone camera -> 5-star review is already pre-written with ""Farm Fresh Smoothie Bowl & Beetroot Hummus Platter"".
2. 1-tap copies to Google Maps in 5 seconds.
3. If they rate 1-3 stars, it catches the complaint privately to your email/phone instead of going public on Google!

Here is the live demo I created for Sante Spa Cuisine:
👉 https://scanner.sayalabs.in/r/sante-spa-cuisine-pune

Can I send a printed 4x6"" acrylic table standee over to your manager to test this week?

Best regards,
Anurag Mishra
Sayalabs & Credo (scanner.sayalabs.in)"